year,international,financial_aid,SA
2024,No,Yes,0
2021,No,Yes,0.996120691
2021,No,No,-0.839135885
2024,Yes,Yes,0
2022,No,Yes,0
2023,No,No,0
2024,No,No,0
2024,No,No,0.99924469
2023,No,No,-0.999460757
2023,No,Yes,-0.991248846
2021,Yes,Yes,0
2021,No,Yes,0
2023,No,No,0
2023,No,Yes,0
2024,No,Yes,0.986903608
2021,No,Yes,0
2021,Yes,Yes,0.931717396
2024,No,Yes,0
2023,No,Prefer not to say,-0.999271274
2023,Yes,No,0
2021,No,Yes,-0.998950899
2024,No,Yes,0
2024,No,Yes,0
2022,No,Yes,-0.99980402
2022,No,Yes,0.999613941
2022,No,Yes,-0.99123466
2024,No,No,-0.99280417
2023,Yes,Yes,0
2024,No,Yes,0
2021,No,Yes,-0.998686731
2023,No,Yes,-0.999732077
2023,No,Yes,0
2022,No,No,0.923199534
2021,Yes,Yes,0
2024,No,No,0
2023,No,Yes,-0.99950397
2024,No,Yes,0.99810499
2022,Yes,No,0
2024,No,Yes,0
2023,Yes,Yes,-0.993841529
2024,No,Yes,-0.982778549
2024,No,Yes,-0.722811997
2021,No,No,0
2022,No,Yes,0
2024,No,Yes,0
2021,No,Yes,0
2022,No,Yes,0
2024,No,Yes,-0.998781383
2023,No,No,0
2021,No,No,0
2022,No,Yes,-0.999794126
2023,No,Yes,0
2023,Yes,Yes,0
2021,Yes,Yes,0
2022,No,Yes,0
2021,No,Yes,0
2024,No,No,0
2021,Yes,Yes,0
2021,No,No,0
2022,No,Yes,0
2024,No,No,0
2021,No,Yes,0
2024,No,No,0
2023,No,No,0
2024,No,Prefer not to say,0
2022,Yes,Yes,-0.999708831
2022,No,No,-0.999734044
2021,Yes,No,0
2023,No,Yes,-0.945831656
2021,No,Yes,0
2024,No,Yes,-0.905570447
2024,No,Yes,0.999687672
2021,No,No,-0.993928671
2024,No,Yes,0
2024,Yes,No,0
2024,No,Yes,0
2024,Yes,No,-0.98061794
2024,No,No,0
2022,No,No,0
2024,No,Yes,0.99981606
2024,Yes,Yes,0
2023,No,No,-0.997274458
2021,No,No,-0.999716043
2023,No,No,-0.999818087
2024,No,No,0
2023,No,No,0
2022,Yes,Yes,-0.999495625
2024,No,Yes,0
2024,No,No,0
2022,Yes,No,-0.999129653
2024,No,Yes,-0.998613954
2021,No,Yes,0
2022,No,Yes,0
2023,No,No,0
2023,No,Yes,0
2021,No,No,0
2022,No,Yes,0
2024,No,Yes,-0.79003942
2023,No,Yes,0
2024,No,No,0
2023,No,No,0
2021,No,Yes,0
2021,No,No,-0.999470592
2024,No,No,0
2022,No,Yes,0.996585071
2023,No,Yes,-0.999242127
2022,Yes,No,-0.999770045
2024,No,Yes,0.999833286
2024,No,Yes,0
2022,No,Yes,0
2024,No,Yes,-0.996824145
2021,No,No,0
2021,No,Yes,0
2021,No,No,0
2024,No,No,0
2023,No,No,-0.999790609
2024,No,Yes,-0.96673286
2021,No,No,-0.999456584
2022,No,Yes,-0.994718492
2022,No,No,-0.968595386
2023,No,Yes,0
2022,No,Yes,0.743402839
2022,No,Yes,0
2024,No,No,-0.992613494
2024,No,No,0.99981606
2024,No,Yes,0.989168406
2024,No,Yes,0
2024,No,No,0.995807767
2024,No,No,-0.998992562
2024,No,No,-0.998675883
2024,No,Yes,0.999790967
2021,No,Yes,0
2021,No,No,-0.997624576
2022,No,No,-0.999511003
2023,No,No,0
2024,No,No,-0.99832952
2024,No,Yes,0
2022,No,No,0
2023,No,No,0
2021,Yes,Yes,0
2023,No,Yes,-0.998672843
2022,No,Yes,-0.871326804
2024,No,Yes,0.999661446
2023,No,Yes,0
2021,No,No,0
2022,No,Yes,0
2021,No,No,0.99521172
2024,No,Yes,-0.99941355
2022,No,Yes,0
2023,No,No,-0.999371946
2022,No,Yes,-0.999764979
2024,No,No,0
2021,No,No,0
2022,No,Yes,0
2021,No,Yes,0
2021,No,No,-0.998216927
2022,No,Yes,0
2022,No,No,-0.99944973
2021,No,No,0.995620966
2023,No,No,-0.999791801
2023,Yes,Yes,-0.996973097
2021,No,No,-0.912615955
2022,No,Yes,-0.999720812
2024,No,No,-0.999486387
2024,Yes,No,0
2024,No,Prefer not to say,-0.978934169
2024,No,No,-0.998549521
2022,No,Yes,0
2023,Yes,Yes,0
2024,Yes,Yes,0
2022,No,Yes,-0.999815822
2024,No,No,0
2022,No,Yes,0.987728298
2022,No,No,0
2021,No,Yes,0
2024,No,No,0
2022,No,No,0
2023,No,Yes,0
2022,No,Yes,0
2024,No,No,0
2024,No,Yes,0
2024,No,No,0.808004737
2021,No,Yes,0
2023,No,No,0
2022,No,Yes,-0.970856786
2022,No,No,0
2021,No,No,-0.995328367
2024,No,Yes,0
2022,Yes,Yes,0.999779165
2024,No,Yes,-0.985075891
2022,No,No,-0.998327672
2024,No,Yes,-0.977880597
2024,No,No,0
2021,No,Yes,-0.998920143
2024,No,Prefer not to say,-0.997202873
2022,No,Yes,0
2021,Yes,Yes,0
2023,No,Yes,0
2022,No,Yes,-0.998749793
2022,No,Yes,0
2021,No,Yes,-0.997554839
2024,No,Yes,0.996176958
2024,No,Yes,0
2021,No,Yes,0.59030658
2023,No,No,0
2021,No,Yes,0
2024,No,No,0.999651968
2021,No,Yes,0
2022,Yes,Yes,-0.999707401
2024,No,Yes,0
2023,Yes,Yes,0
2024,No,No,-0.997996092
2021,No,No,-0.999651194
2022,No,No,-0.999423683
2024,Yes,Yes,0.999527872
2024,Yes,No,0
2023,No,Yes,0
2024,No,Yes,-0.998249233
2022,No,No,0
2023,No,No,0
2023,No,Yes,-0.998150647
2024,No,Yes,0
2024,Yes,No,-0.995079398
2024,Yes,Yes,0.996034682
2021,No,No,0
2024,No,No,0
2024,No,No,-0.999327838
2023,No,Yes,0
2024,Yes,No,0
2023,No,Yes,0
2022,No,No,0
2023,No,Yes,0
2024,No,No,0.999783695
2021,No,Yes,-0.997633934
2024,No,No,0
2024,No,Yes,-0.740320861
2024,No,Yes,0.998291612
2024,No,No,-0.999308825
2022,No,No,0
2023,No,No,0
2021,No,Yes,0
2022,No,Yes,0
2024,No,No,-0.991417527
2024,No,No,0
2021,No,No,0
2022,No,Yes,-0.999761343
2021,Yes,Yes,-0.998199224
2024,No,No,0.99631083
2023,No,Yes,0
2022,No,No,-0.999459803
2024,No,Yes,-0.99945724
2024,No,No,-0.999720037
2021,No,Yes,-0.999161959
2022,No,No,0
2023,No,No,0
2022,No,No,0
2023,No,No,0
2021,No,Yes,0
2021,No,No,0
2022,No,Yes,0
2021,Yes,No,-0.98714304
2024,No,No,-0.521334291
2023,No,Yes,0
2023,No,Yes,0
2023,No,Yes,0
2022,No,No,-0.995491683
2023,No,No,-0.965664089
2023,No,Yes,0
2022,No,No,0
2024,No,Yes,0.999852717
2023,No,Yes,0
2024,No,Yes,0
2024,No,Yes,0
2023,No,Yes,-0.998188257
2022,No,No,-0.998242497
2021,No,No,0.998958409
2023,No,Yes,-0.998345077
2024,No,No,0.913848042
2023,No,Yes,0
2022,No,Yes,-0.999755681
2024,No,Yes,0
2024,No,No,0
2023,No,Yes,0
2022,No,No,0
2024,No,No,-0.605829775
2024,No,Yes,0
2024,No,Yes,0
2022,No,No,0
2023,Yes,Yes,0
2024,No,No,0
2023,No,No,0
2024,No,No,-0.997546732
2024,No,No,0
2021,No,No,0
2024,No,Yes,0.993101776
2024,No,No,0
2021,No,Yes,0
2024,No,Yes,-0.999088585
2021,No,Yes,-0.99750787
2023,No,Yes,0
2022,No,No,0
2022,No,Yes,0
2021,Yes,No,0
2024,Yes,No,-0.999813735
2022,No,Yes,0
2023,No,Yes,0
2023,No,No,-0.934332669
2021,Yes,Yes,0
2021,No,Prefer not to say,0
2022,No,No,-0.998318315
2023,No,No,-0.98747611
2023,No,No,-0.999756217
2021,No,Yes,0
2024,No,No,0
2022,No,No,0
2021,No,Yes,-0.99977833
2022,No,No,0
2022,No,No,0
2021,No,No,0
2024,No,No,0
2023,No,Yes,0
2021,No,No,0
2024,No,Yes,-0.962640285
2021,Yes,No,0
2021,No,Yes,-0.988000929
2024,No,Yes,0
2021,No,No,0
2023,No,Yes,0
2024,No,Yes,0
2024,No,No,0.972620547
2022,No,No,0
2024,No,No,0
2022,No,No,0
2023,No,Yes,-0.992817998
2021,No,No,0
2024,No,No,-0.997349977
2022,No,No,0
2024,No,No,-0.998848736
2024,No,No,-0.988202333
2022,No,Yes,0
2021,No,No,-0.99734813
2022,No,No,-0.994274497
2024,No,Yes,0.999856353
2024,No,No,0
2023,No,No,-0.999792874
2022,No,No,0
2024,No,Yes,0.999151289
2024,No,No,0
2024,No,No,0.994297206
2022,No,Yes,0
2024,No,No,0
2021,No,No,0
2022,No,Yes,0
2024,No,Yes,0
2021,No,Yes,0
2023,No,Yes,0
2022,No,No,0
2024,No,Yes,-0.966356695
2024,No,Yes,0.996721745
2021,No,No,0.999869168
2023,No,No,0
2024,No,Yes,0.99984628
2024,No,Yes,0
2024,No,No,-0.998742938
2023,No,Yes,0.99955076
2024,No,No,0
2021,Yes,Yes,0
2022,Yes,No,0
2023,Yes,Yes,0
2023,No,No,-0.999642789
2021,No,No,0
2024,No,Yes,-0.983627617
2023,No,No,0
2022,No,Yes,0
2024,Yes,No,-0.999743462
2022,No,Yes,0
2024,No,No,0
2021,No,Yes,0
2024,No,No,-0.999699235
2021,No,No,-0.999735117
2024,No,Yes,0.995110333
2021,No,Yes,0
2024,No,Yes,0
2021,No,Yes,0
2024,No,Yes,-0.998856008
2021,No,No,0
2022,Yes,No,0
2021,Yes,No,0.997609377
2022,No,No,-0.99948585
2023,No,No,0
2024,No,Yes,0.998835325
2022,No,Yes,0
2021,No,Yes,-0.999483347
2024,No,No,0
2023,No,No,-0.999391139
2021,No,Yes,-0.999335885
2022,No,Yes,0
2022,No,No,-0.999289036
2024,No,Yes,0
2023,No,Yes,-0.999146521
2023,No,Yes,0
2024,Yes,No,0
2024,No,Yes,0
2021,No,No,0
2021,No,No,0
2022,Yes,Yes,-0.995939016
2023,No,No,-0.997961521
2024,No,No,0
2022,No,Yes,0
2024,No,Yes,-0.985954463
2023,No,No,0
2022,No,Yes,-0.999695241
2021,No,No,0
2022,No,No,0
2022,No,Yes,0
2021,No,No,0.999600172
2022,No,No,0
2024,No,No,-0.999564826
2022,No,Yes,-0.999696851
2022,No,No,0
2024,No,Yes,-0.874009192
2022,No,Yes,0.882561147
2024,No,No,-0.988996327
2022,No,Yes,-0.999698937
2022,No,No,-0.999784172
2023,No,No,0
2024,Yes,Yes,0
2021,No,Yes,0
2022,No,Yes,-0.992313564
2023,Yes,No,0
2021,No,No,0
2024,No,Yes,-0.68659693
2022,No,No,0
2022,Yes,Yes,0
2024,No,No,0
2023,No,Prefer not to say,0
2024,No,No,-0.999448001
2021,No,No,0
2022,No,Yes,0
2024,No,Yes,-0.995721042
2024,No,Prefer not to say,0
2024,No,Yes,-0.991853833
2022,No,No,-0.999420166
2024,No,No,0.995480955
2024,No,Yes,0
2023,No,No,0
2022,No,Prefer not to say,0
2024,No,Yes,-0.99948597
2021,No,Yes,0
2024,No,Yes,0.718070865
2023,Yes,No,0
2024,No,No,-0.990358472
2021,No,Yes,0
2023,No,No,0
2024,No,Yes,0.996112764
2023,No,Yes,0
2024,No,No,-0.999784172
2023,No,Yes,-0.999639511
2021,Yes,Yes,-0.950533152
2023,No,No,-0.998118103
2023,No,Yes,0.999155462
2022,Yes,No,0
2024,Yes,Yes,0
2021,No,Prefer not to say,0
2023,No,Yes,0
2023,No,Yes,0
2022,No,No,-0.999784172
2024,No,No,0.999817908
2021,No,Yes,-0.9996503
2022,No,Yes,-0.99784708
2023,No,No,-0.999668479
2023,No,No,0
2022,No,Yes,0.952193916
2024,No,No,0
2023,No,No,0
2024,No,Yes,0
2021,No,Yes,0
2024,No,No,-0.909932852
2024,No,No,0
2024,No,Yes,-0.997415066
2024,Yes,Yes,0
2021,No,Prefer not to say,0
2023,No,No,0
2023,No,Yes,0
2023,No,Yes,-0.507671475
2024,No,Yes,0
2024,No,Yes,-0.998975575
2022,No,No,0
2024,No,Yes,0
2021,Yes,Yes,0
2023,No,No,0
2024,No,No,-0.995999932
2021,No,Yes,0
2022,No,Yes,0
2021,No,Yes,-0.999723971
2021,No,Prefer not to say,-0.991613269
2022,No,Yes,0
2024,No,No,0
2021,Yes,Yes,-0.831037581
2022,No,No,-0.999372005
2023,No,Yes,0
2021,No,No,0
2024,No,Yes,-0.99975878
2024,No,Yes,-0.60991323
2024,No,Yes,0
2022,No,Yes,0
2024,No,Yes,-0.998994231
2023,No,Yes,-0.958758295
2023,Yes,Yes,-0.983280718
2024,No,No,0.994545162
2024,No,Yes,0.999693692
2023,No,Yes,0.889991939
2021,No,No,0
2024,No,Yes,-0.999142468
2023,No,No,0
2022,No,No,-0.992215455
2024,No,No,-0.99951756
2021,No,Yes,0
2024,No,No,0
2022,Yes,Yes,0
2023,No,Yes,0
2021,No,No,0
2024,No,No,-0.999794126
2023,No,Yes,0
2024,No,Yes,-0.995305121
2023,No,No,0
2023,No,Yes,-0.979161859
2021,No,Yes,0
2021,No,Yes,-0.9978742
2023,No,No,0
2023,No,Yes,-0.999645472
2021,No,No,-0.965657413
2024,Yes,Yes,0
2022,No,Yes,0
2021,No,Yes,-0.958390296
2024,No,Yes,0
2022,Yes,Yes,0
2023,No,Yes,0
2024,No,Yes,0
2021,No,Yes,0
2022,No,No,0
2021,No,No,0.928159952
2023,No,Yes,0
2024,No,No,0
2024,No,Yes,-0.697056353
2024,Yes,Yes,-0.988484085
2024,No,Yes,0
2021,No,Yes,-0.998483002
2021,Yes,No,0
2023,No,No,0
2024,Yes,Yes,0
2024,No,Yes,0.944429696
2023,No,Yes,-0.99949497
2024,No,No,-0.999364614
2021,No,No,-0.998315811
2023,No,Yes,0
2023,Yes,Yes,0
2022,No,No,0
2022,No,Yes,0
2023,No,Yes,-0.947713435
2023,No,No,-0.999439001
2021,No,No,0
2024,No,Yes,0
2024,No,No,0
2021,No,Yes,0
2021,No,Yes,-0.953042924
2021,No,Yes,0
2021,No,Yes,0
2021,No,No,-0.999764323
2024,No,Yes,0
2024,No,Yes,-0.998720586
2022,No,No,0
2021,Yes,Yes,0
2021,No,No,0
2021,No,No,0
2023,No,No,0
2021,No,Yes,-0.995101333
2024,No,Yes,0.649846315
2024,No,Yes,0
2021,No,Yes,0.9988603
Other,Yes,Prefer not to say,0
2024,No,Yes,0
2024,No,No,0
2021,Yes,No,-0.999499083
2021,No,No,-0.995352626
2021,No,No,0
2024,Yes,Yes,0
2022,No,Yes,0
2024,No,Yes,0
2022,No,Yes,0
2024,No,Yes,-0.999391615
2022,No,No,-0.997398496
2024,No,Yes,0
2021,Yes,No,0
2024,No,Yes,0
2024,No,No,0.968950987
2021,No,No,0
2024,No,No,0.995181322
2021,Yes,No,0
2021,No,Prefer not to say,0
2023,No,Yes,0.967683017
2021,No,No,-0.99977845
2022,Yes,No,0
2024,No,Yes,0
2024,Yes,Yes,-0.887131751
2021,No,Yes,0
2021,No,Yes,0
2024,No,No,0
2024,No,No,-0.997312903
2021,No,Yes,0
2023,No,No,-0.999801397
2023,No,No,0
2021,No,Yes,0
2024,No,Yes,0.993852735
2021,No,Yes,0.986617208
2021,No,Yes,-0.998655617
2024,No,Yes,0.999793291
2021,No,Yes,0
2023,No,Yes,-0.999486923
2021,No,No,0.999178171
2022,Yes,Yes,0
2021,No,No,0
2024,Yes,Yes,0.999751627
2021,No,No,-0.996170521
2021,No,Yes,0
2021,No,Yes,0
2021,No,Yes,0
2024,No,No,0
2023,No,Yes,-0.998625278
2023,No,Yes,0
2024,No,Yes,-0.989756167
2024,No,Yes,-0.996749341
2021,No,Yes,0
2024,No,No,0
2024,No,Yes,-0.998700559
2023,No,Yes,0
2023,No,No,-0.993132532
2024,No,No,0
2023,No,,0
2023,No,No,-0.998967528
2023,No,No,-0.943452895
2022,Yes,Yes,0
2023,No,Prefer not to say,-0.999564052
2024,No,No,0
2022,No,Yes,0
2024,No,Yes,0
2022,Yes,Yes,-0.998710454
2023,No,No,0
2023,No,No,0
2022,No,Yes,0
2021,No,No,0
2023,No,No,-0.999772906
2024,No,Yes,0.835565329
2024,No,Yes,-0.998863161
2022,No,No,-0.994774938
2022,Yes,No,-0.993227959
2024,No,Yes,0.999450445
2022,No,No,-0.999682069
2024,No,Yes,0.999851286
2021,No,No,0
2023,No,Yes,0
2023,No,Yes,-0.999781489
2022,No,No,0
2021,No,Yes,0
2024,No,Yes,-0.993206561
2022,Yes,No,0
2023,No,Yes,0
2024,No,Prefer not to say,0
2023,No,No,0
2021,No,No,-0.996559262
2023,No,No,0
2022,No,Yes,0
2023,No,Yes,0
2021,No,No,0
2024,No,No,0
2024,No,No,-0.999777436
2024,No,Yes,0
2024,Yes,Yes,0.984626591
2024,No,Yes,0
2022,No,No,0
2023,No,No,-0.999752998
2022,No,No,-0.99978447
2023,No,No,0
2024,No,No,0
2024,No,Yes,-0.993739188
2023,No,Yes,0
2021,No,Yes,0
2021,No,No,0
2021,No,Prefer not to say,-0.996201873
2024,No,No,-0.994256139
Other,No,No,-0.999160171
2024,No,No,0
2024,Yes,Yes,0
2024,No,Yes,0
2023,No,Yes,-0.973016441
2024,No,Yes,0
2022,No,Yes,0
2024,No,Yes,-0.999733865
2022,No,No,0
2024,No,No,-0.999802291
2024,No,No,0
2024,No,Yes,-0.999789
2024,Yes,Yes,0.999861836
2024,No,No,0
2021,No,Yes,0
2021,No,No,0
2024,No,No,-0.99941051
2021,No,Yes,-0.997904122
2021,No,No,-0.990053713
2024,No,Yes,0
2022,No,Yes,0
2024,No,No,0
2023,No,No,0
2024,No,No,0
2024,No,Yes,-0.999334097
2024,No,Yes,0
2024,No,Yes,-0.993239522
2024,Yes,Yes,0.571796954
2022,No,Yes,0
2024,No,Yes,-0.999181032
2024,No,No,-0.999821067
2024,No,No,-0.99869132
2022,No,Yes,-0.953510344
2024,No,No,0
2024,No,No,-0.601125002
2021,No,No,0
2021,No,Yes,0.999789834
2022,No,No,0.744393587
2024,No,No,0.997942507
2024,Yes,Yes,-0.999669075
2024,No,Yes,0
2021,No,Yes,-0.998961747
2024,No,No,0
Other,Yes,No,-0.999291897
2021,No,No,0.999614179
2022,Yes,No,0
2023,No,No,-0.963663995
2024,No,Yes,-0.996241391
2024,No,No,0.972271025
2023,No,Yes,0
2024,No,No,0
2024,No,Yes,0
2023,No,Prefer not to say,0
2022,Yes,Yes,0
2021,No,Yes,0
2021,No,Yes,-0.982972622
2024,Yes,Prefer not to say,0.971681714
2024,No,No,0
2024,Yes,No,0
2022,No,No,0
2023,No,Yes,0
2023,No,Yes,0
2021,No,Yes,0
2024,No,Yes,0
2024,No,Yes,0
2024,No,No,0
2021,No,Yes,-0.99849236
2024,Yes,Yes,0
2022,No,No,0
2023,No,Yes,0
2022,No,Yes,0
2024,No,Yes,-0.995442629
2024,No,No,0.796128154
2021,Yes,No,0
2024,No,Yes,0
2023,No,Yes,0
2024,No,Yes,0
2024,Yes,Yes,0.998393059
2022,No,No,0
2024,No,No,0
2024,Yes,Yes,0
2022,No,No,0
2023,No,Yes,-0.999059796
2024,No,Yes,0
2024,No,No,-0.999755263
2024,No,Yes,-0.999818444
2024,No,No,0
2024,Yes,No,-0.995199382
2023,No,No,0
2023,No,Yes,-0.9632411
2021,No,No,0
2024,No,No,-0.983772755
2021,No,No,0
2021,Yes,Yes,0
2024,No,No,0
2024,No,Yes,0
2024,No,Yes,0.870113373
2022,No,Yes,0
2024,No,Yes,0
2022,No,No,-0.99012357
2024,No,Yes,-0.994274855
2021,No,Yes,0
2024,No,No,0
2022,No,Yes,0
2024,No,No,0
2021,No,No,-0.999715328
2022,Yes,Yes,0
2024,No,No,-0.99932009
2022,No,Yes,-0.811791837
2021,No,Yes,0
2024,No,Yes,0
2024,No,No,-0.999720395
2022,No,Yes,0
2024,No,No,0
2021,No,No,0.993370712
2023,No,No,0
2022,No,Yes,-0.997969389
2024,No,Yes,-0.99844265
2023,No,No,0.993143559
2023,No,No,0
2022,Yes,No,0.995462298
2023,No,No,0
2021,No,No,0
2021,No,Yes,0
2024,No,No,0.998229146
2024,Yes,Yes,0.999706686
2023,No,Yes,-0.99982053
2022,No,Yes,0
2024,No,No,0
2024,No,No,0.635945201
2024,No,Yes,0
2023,No,Yes,0
2023,No,Yes,-0.863414526
2022,No,Yes,0
2024,No,Yes,0
2022,No,Yes,-0.999601007
2021,Yes,Yes,0
2024,No,Yes,0
2024,No,No,-0.998850048
2021,No,No,0
2024,No,Yes,-0.999712765
2023,No,Yes,-0.998996377
2021,No,No,0
2024,No,Yes,-0.992824376
2024,No,Yes,0
2024,No,Yes,-0.984633923
2024,No,Yes,0
2021,No,Yes,0
2022,No,Yes,-0.999231637
2024,No,No,-0.994560778
2021,No,Yes,0
2021,No,Prefer not to say,-0.995670378
2022,No,Yes,-0.99713546
2022,No,No,0
2023,No,Yes,0
2023,No,Yes,0
2021,No,Prefer not to say,-0.999052763
2024,No,Yes,0
2021,No,Yes,0
2024,No,No,-0.983092546
2024,No,Yes,-0.992561162
2024,No,Yes,-0.975848138
2024,No,Yes,0
2024,No,Prefer not to say,0.99937439
2022,No,Yes,0
2022,Yes,Yes,0
2024,No,Yes,-0.999251485
2021,No,No,0
2024,No,Yes,0.998482347
2024,No,Yes,-0.99976027
2021,No,Yes,0.982720971
2023,No,No,0
2023,No,Yes,0
2022,No,Yes,0
2024,No,Yes,0.999027252
2024,No,Prefer not to say,0
2023,No,Yes,0
2022,No,Yes,0
2024,No,No,-0.708472371
2023,No,Yes,-0.99982214
2024,No,Yes,0
2024,No,Yes,0
2021,No,Yes,0
2022,Yes,No,0
2022,No,No,-0.999627948
2024,No,No,-0.995485604
2021,No,No,0
2022,No,No,0.993739426
2023,Yes,Yes,-0.990257144
2022,No,No,0
2022,No,Yes,-0.998976052
2023,No,Yes,0
2024,No,No,0
2023,No,No,0
2024,No,Yes,0.998358846
2022,No,No,-0.999531269
2021,No,No,0
2022,Yes,Yes,-0.999456882
2024,No,No,0.715256989
2024,No,Yes,-0.998584867
2021,No,Yes,0
2021,No,No,-0.999682307
2024,No,Yes,0.999835253
2024,No,Yes,0.992796242
2021,No,Prefer not to say,-0.997310638
2021,No,Yes,-0.999365747
2024,No,No,0
2023,No,Yes,0.997708201
2022,No,No,-0.792078316
2022,No,No,0.999859214
2023,No,Yes,-0.999636769
2022,No,No,-0.540850163
2024,Yes,No,0.999758482
2021,No,No,-0.994815469
2021,Yes,Yes,0
2022,No,Yes,0
2022,No,No,0
2021,Yes,No,0
2024,No,No,-0.986217618
2022,No,No,0.998904526
2024,No,No,0
2022,No,Yes,-0.999633551
2022,Yes,No,-0.999783099
2024,No,Yes,-0.897021353
2023,No,Yes,0
2023,No,Yes,-0.991496146
2022,No,No,0
2024,No,No,-0.984383881
2022,No,Yes,0.984681487
2024,No,No,-0.99880445
2024,No,Yes,0
2023,No,Yes,0
2023,No,Yes,0.979039073
2024,No,Yes,0
2022,No,No,0
2021,No,Yes,-0.998706996
2024,No,No,0
2024,No,No,0
2021,No,No,-0.999589801
2024,No,No,0
2022,Yes,Yes,0
2023,No,Yes,-0.991198242
2024,No,No,0
2022,No,No,0
2022,No,No,0.995530128
2024,No,No,0
2024,No,No,-0.999630511
2024,No,Yes,-0.998082101
2022,Yes,No,0
2023,No,Yes,0
2023,No,No,0
2024,No,Yes,0
2022,No,Yes,-0.999737144
2024,No,No,-0.998770714
2021,No,Yes,0
2021,No,No,-0.973848224
2024,No,Yes,0
2022,No,No,0
2024,No,No,0
2022,Yes,Yes,0
2022,No,Yes,-0.989360154
2021,No,No,-0.998993278
2024,No,Yes,0.9993065
2021,No,No,0
2024,No,Yes,0.994027019
2023,No,No,-0.999569356
2024,No,No,0
2021,No,No,-0.99652642
2022,No,Yes,0
2023,No,No,-0.997478783
2021,No,Yes,0
2023,No,No,-0.999761164
2023,No,Yes,0
2023,No,Yes,0
2021,No,Yes,0
2023,No,Yes,-0.994031966
2024,No,No,0
2023,Yes,No,-0.986450553
2022,No,No,-0.999791324
2021,No,No,0
2024,No,No,-0.999495983
2022,No,Yes,-0.996355236
2023,No,No,0
2023,No,Yes,-0.999303639
2022,No,Yes,-0.999477744
,,,0
2023,No,Yes,-0.999435604
2022,Yes,Yes,0
2022,No,Yes,0
2024,No,Yes,0
2024,No,No,0
2024,No,No,-0.994033813
2021,No,No,-0.973711133
2022,No,No,0
2021,No,Yes,-0.999603868
2024,No,No,0
2022,Yes,No,-0.976620078
2022,No,Yes,-0.945904493
2021,No,Yes,0
2023,No,No,-0.690777183
2024,No,No,0
2024,No,No,0
2022,No,No,0
2024,No,Yes,-0.999483228
2021,No,Yes,-0.999134243
2024,Yes,Yes,0
2024,No,No,0
2022,No,Yes,-0.999611378
2023,No,Yes,-0.999769866
2023,No,No,0.99978292
2024,No,No,-0.998315811
2023,No,Yes,-0.999769986
2024,No,No,0
2023,No,No,0
2022,No,Yes,0
2022,No,Yes,-0.999129653
2024,No,No,0.999525189
2022,No,Yes,0
2021,No,Yes,0
2021,No,Prefer not to say,0
2023,No,No,0
2022,No,No,0
2024,No,No,-0.998875439
2024,No,Yes,0
2021,No,No,0
2021,No,No,-0.999108613
2023,No,No,0
2023,No,Yes,0
2021,No,No,0
2024,No,Yes,0.998771846
2021,No,Yes,0
2023,Yes,Yes,0
2022,No,Yes,0.99957788
2021,No,Yes,0.959839046
2021,No,Yes,0
2024,No,Yes,0.987740099
2023,No,No,0
2024,No,Yes,-0.99485451
2024,No,No,0.99922204
2022,No,Yes,0.997751355
2021,No,Yes,0
2024,No,No,-0.982950389
2023,Yes,Yes,0
2024,No,No,0
2024,No,No,-0.999238849
2021,No,Yes,-0.993016601
2022,No,Yes,-0.996888936
2022,No,Yes,-0.994879961
2024,No,Yes,-0.999633491
2024,No,Yes,0
2023,Yes,Yes,0
2023,No,No,0
2024,No,No,-0.999795318
2023,No,No,0.973837852
2023,No,Yes,-0.998780966
2024,No,Yes,0
2024,No,Yes,0
2022,No,No,0
2024,No,Yes,0
2024,No,No,0
2024,No,No,0.699164689
2023,No,Yes,-0.965832412
2021,No,Yes,0.991346955
2021,No,Yes,0
2024,No,No,-0.9996503
2022,Yes,Yes,-0.999780834
2023,No,No,0
2021,No,No,0
2023,No,No,0
2021,No,No,-0.990964472
2023,No,Yes,0
2024,No,Yes,-0.999119997
2023,No,Yes,0
2023,No,Yes,0
2024,No,No,-0.999795854
2023,Yes,Yes,-0.999229968
2021,No,No,0
2022,No,No,-0.987044632
2023,Yes,No,-0.99982214
2022,No,No,-0.999762535
2021,No,No,0
2021,No,Yes,-0.98651427
2023,Yes,No,0
2021,No,No,-0.999744594
2024,No,No,0.99093616
2024,No,No,0.891744852
2022,No,Yes,0
2024,No,No,-0.999635279
2023,No,Yes,0
2022,No,Yes,-0.999623477
2023,No,No,-0.997015655
2024,No,Yes,0.992839634
2024,No,Yes,0
2024,No,Yes,0
2023,Yes,Yes,0
2023,Yes,No,0
2021,No,No,-0.996278107
2023,Yes,Yes,0
2024,No,Yes,-0.981076479
2023,No,Yes,0
2023,No,No,-0.99758774
2023,No,Yes,0
2022,No,No,0
2023,No,Yes,0
2023,Yes,Yes,0
2022,No,No,0
2021,No,Yes,-0.999698877
2023,No,No,0.983022988
2022,No,No,-0.999230564
2024,No,No,0
2024,No,Yes,0
2021,No,Yes,0
2023,No,No,0
2022,No,No,-0.994336367
2023,No,Yes,0
2024,No,Yes,0
2024,No,No,-0.997202575
2024,Yes,Yes,-0.999104857
2023,No,No,-0.998100519
2023,No,No,0
2022,No,No,0
2021,No,No,0
2023,No,Yes,0
2023,No,Yes,-0.548835754
2024,No,Yes,0
2024,No,Yes,0.999666154
2023,No,No,0
2021,No,No,0
2022,No,No,-0.99971348
2024,No,No,0
2022,No,Yes,0
2023,No,Yes,0
2024,Yes,Yes,0
2022,No,Yes,0
2024,No,No,-0.999443412
2022,No,Yes,-0.999807775
2022,No,No,0
2023,No,Yes,0
2022,No,No,-0.999250174
2024,No,No,0
2023,No,No,0
2024,No,Yes,-0.92212683
2022,Yes,Yes,0
2023,Yes,Yes,0
2023,Yes,No,-0.987669766
2024,No,No,0.998687565
2023,No,Yes,0
2024,Yes,Yes,0
2022,No,Prefer not to say,0
2023,No,Yes,-0.996399522
2024,No,No,0
2022,No,No,-0.974744797
2022,No,No,0
2021,No,Yes,-0.999745488
2021,No,Yes,-0.936879873
2023,No,No,0
2022,No,Yes,0
2024,No,Yes,-0.998492062
2021,No,No,0
2021,No,No,0
2024,No,Yes,0
2024,Yes,Yes,0
2024,Yes,Yes,-0.979818463
2024,No,No,-0.999492109
2022,No,No,0
2021,No,Yes,0
2023,No,No,0
2022,Yes,Yes,-0.99979353
2021,No,No,0
2021,No,Yes,-0.993264139
2022,No,No,0
2023,No,Yes,0
2022,No,No,-0.9659729
2021,No,No,-0.99958688
2023,No,No,0
2021,No,Yes,-0.998271704
2021,No,No,0
2022,No,Yes,-0.999401867
2021,No,Yes,0
2024,No,No,-0.992940962
2021,No,Yes,0.998098493
2022,No,No,-0.99872911
2021,No,Yes,-0.997868001
2024,No,No,-0.999768853
2023,No,No,0
2024,No,No,0
2023,No,Yes,-0.984320343
2022,No,Yes,-0.987337053
2024,Yes,No,0
2022,No,No,0
2024,No,Yes,-0.983453453
2024,Yes,Yes,0
2021,No,No,0
2023,No,No,-0.996369243
2021,Yes,Yes,0
2024,No,Yes,-0.999778271
2024,No,Yes,0
2022,No,No,0
2024,No,Yes,-0.991183758
2024,No,Yes,0.972601473
2023,No,Yes,-0.750177979
2024,No,No,-0.990175962
2024,Yes,Yes,0
2024,No,Yes,0
2024,No,Yes,0.995657623
2024,No,Yes,0
2023,No,Prefer not to say,0
2021,Yes,Yes,0
2022,No,Yes,-0.999511063
2022,No,No,0
2021,Yes,Yes,-0.997603238
2023,No,No,-0.992344081
2024,Yes,No,0
2024,No,No,0
2024,No,Yes,-0.99936986
2024,No,Prefer not to say,0
2024,No,No,0
2022,No,No,-0.968301594
2023,No,No,-0.947813869
2021,Yes,No,0
2022,Yes,No,0
2021,No,Prefer not to say,0
2024,No,No,0.943487346
2024,Yes,Yes,0.909391403
2024,No,Yes,0
2023,Yes,Yes,0
2023,No,Yes,0
2024,Yes,Yes,0
2022,Yes,Yes,-0.999727309
2022,No,Yes,0
2023,No,Yes,-0.90253824
2021,No,No,0
2023,No,Yes,0
2022,No,Yes,0
2024,Yes,Yes,0.999820292
2022,No,No,-0.99882561
2022,No,Yes,-0.998754144
2021,No,Yes,0
2024,No,Yes,-0.987011075
2024,Yes,Yes,0
2022,No,Yes,-0.99861294
2024,No,Yes,0
2021,No,Yes,-0.999793768
2022,No,No,0
2023,No,No,-0.98387903
2023,No,No,0
2024,No,No,0
2024,No,Yes,0
2021,No,Yes,0
2024,No,Prefer not to say,0
2023,No,Yes,-0.998946607
2023,No,No,0
2021,No,Yes,0
2024,No,No,0.943999648
2023,Yes,Yes,0
2024,No,Prefer not to say,-0.999810815
2024,Yes,Yes,0
2024,No,Yes,0
2021,No,Yes,0
2024,No,Yes,0
2024,Yes,Yes,0.996504724
2022,No,Prefer not to say,0
2024,No,Yes,0
2024,Yes,Prefer not to say,-0.99979192
2023,No,Yes,0.959358752
2024,No,Yes,0.999627292
2021,No,No,0
2022,No,Yes,0
2021,No,No,0
2022,No,Yes,-0.998831332
2022,No,No,0.507288158
2021,No,Yes,0
2022,Yes,Yes,-0.999797165
2023,No,Yes,0
2024,Yes,Yes,-0.990217686
2022,No,Prefer not to say,-0.999380112
2023,No,Yes,0.979731798
2022,Yes,Yes,-0.993986785
2021,No,No,-0.984166145
2021,No,Prefer not to say,0.984468758
2024,No,No,0
2024,No,Yes,0.997142255
2024,No,Yes,-0.994488358
2023,Prefer not to say,Prefer not to say,0
2023,No,No,0
2022,No,No,0
2023,No,Prefer not to say,0
2024,No,Yes,0
2024,No,Yes,-0.961933076
2023,No,Yes,0
2024,No,Yes,0.996827364
2024,No,No,0
2024,No,No,-0.992765129
2024,No,No,0.965034187
2023,No,Prefer not to say,0
2024,Yes,Yes,0
2024,No,No,0.999520659
2022,No,No,-0.999785364
2022,No,Prefer not to say,0.999677539
2023,No,No,0
2021,No,Yes,0
2022,No,No,0
2024,No,Yes,0.867736161
2024,No,No,0
2024,No,No,0.991914511
2021,No,No,-0.967760384
2021,No,Yes,0
2022,No,No,-0.999417186
2024,No,Yes,0
2023,No,Yes,0
2021,No,No,0
2024,Yes,Yes,0
2024,No,Yes,-0.999442637
2024,No,No,0
2021,Yes,Yes,-0.99522686
2024,Yes,Yes,0
2021,No,No,-0.999765635
2023,No,Yes,-0.99928844
2024,No,No,0.924019516
2023,No,No,-0.999786556
2024,No,No,0
2023,No,No,0.999077618
2022,No,No,0
2023,Yes,Yes,0
2023,No,No,0
2022,Yes,Yes,-0.986564875
2024,No,Yes,0
2021,No,Yes,0
2021,Yes,No,0
2023,No,No,0
2023,No,Prefer not to say,0
2024,No,No,0
2024,No,No,0
2024,No,No,-0.999421656
2024,No,Yes,0
2021,No,No,0
2022,No,No,-0.999610186
2023,No,Yes,-0.998797655
2024,No,Yes,0
2024,No,Prefer not to say,0
2023,No,No,0
2023,No,Yes,0
2023,No,No,0.995192289
2024,No,No,0.993822515
2024,Yes,No,0
2021,No,No,0
2023,No,No,-0.917704284
2022,No,No,-0.998572052
2022,No,No,0
2024,No,No,-0.999619663
2023,Yes,Yes,0
2023,No,Yes,-0.995154023
2024,No,Yes,-0.998851299
2022,No,No,0
2024,No,Yes,-0.998105347
2023,No,No,0
2024,No,No,0.999047101
2024,Yes,Yes,-0.999737263
2024,Yes,Yes,0
2024,No,Yes,0
2024,Yes,Yes,-0.998599112
2024,No,Yes,0
2024,No,No,0
2021,No,No,-0.994632065
2021,Yes,Yes,0
2021,No,No,0
2024,No,Yes,-0.999239802
2021,No,Yes,-0.999637067
2024,No,No,0.997361779
2024,Yes,Yes,-0.988976896
2024,No,No,0.999628961
2021,No,No,0.992293119
2021,No,No,0
2023,Yes,Yes,0
2024,No,Yes,-0.998141408
2023,No,Yes,0.997627139
2023,No,Yes,0
2022,No,Yes,0.992794096
2024,No,No,0
2023,No,No,-0.999782383
2023,No,No,0
2024,No,Yes,0.998975277
2022,No,Yes,-0.999656141
2024,Yes,Prefer not to say,0
2024,No,No,-0.977638543
2023,No,Prefer not to say,0
2023,No,Yes,0
2021,No,No,-0.998831332
2021,No,No,-0.999785781
2024,No,No,0
2022,No,Yes,0
2024,No,No,-0.72219342
2023,No,No,-0.999266088
2022,No,No,-0.997927129
2022,No,No,0
2021,Yes,Yes,0
2022,No,Yes,0
2024,No,Yes,0
2024,No,Yes,-0.999664366
2024,Yes,Yes,-0.999366224
2022,No,No,-0.994968176
2023,Yes,Yes,0
2024,No,Yes,-0.999285936
2024,No,Yes,0
2023,No,No,-0.999751925
2024,Yes,No,-0.999129236
2022,No,No,-0.995654583
2021,No,No,0
2023,No,Yes,0
2024,No,No,-0.997592986
2024,No,Yes,-0.995133936
2022,No,Yes,-0.954306901
2021,No,No,0
2024,Yes,Yes,0
2024,No,No,0.997608185
2022,No,Yes,0
2023,Yes,Yes,-0.998897433
2024,No,No,0
2023,No,No,-0.979642093
2024,No,Yes,-0.967664778
2021,No,No,-0.996635973
2022,No,Yes,-0.999195576
2024,No,Yes,-0.999651611
2023,No,Yes,0
2024,No,Yes,0
2024,No,Yes,-0.996111333
2024,No,Yes,-0.99725306
2024,No,Yes,0
2022,No,Yes,0
2022,No,Yes,0
2023,No,Yes,0
2024,No,No,0
2024,Yes,No,0.999814808
2023,No,No,0
2023,No,Yes,0
2022,Yes,No,-0.999373257
2024,No,Yes,0
2022,No,No,-0.99904865
2023,No,No,-0.999747455
2023,Yes,Yes,0
2022,No,Yes,0
2023,Yes,Yes,0
2022,No,No,0
2021,No,Yes,0
2023,No,No,0
2024,No,Yes,-0.999471903
2022,No,No,-0.999327779
2024,Yes,Yes,0.971423686
2021,Yes,Yes,0
2024,No,No,0
2024,No,No,0
2021,No,No,0
Other,No,Yes,-0.995187104
2023,No,No,-0.989397466
2021,No,No,0
2023,No,Yes,0
2023,Yes,Yes,0
2021,No,Yes,0
2022,No,No,0
2023,No,No,0
2022,No,No,0
2022,No,Yes,0
2022,No,Yes,-0.999802172
2024,No,Yes,-0.969938159
2022,No,Yes,0
2021,No,Yes,-0.947813869
2023,No,No,0
2024,No,Yes,0
2023,No,No,-0.995829284
2021,No,No,-0.868817151
2021,No,No,-0.999700308
2023,Yes,No,0.563847959
2024,No,Yes,0.99847728
2024,No,Yes,0
2022,No,Yes,-0.99961859
2021,No,No,0
2024,No,No,-0.989283383
2024,No,Yes,-0.740671992
2024,No,No,0.937944949
2024,No,Yes,-0.999678135
2021,No,Yes,-0.999759674
2024,Yes,No,0
2024,No,Yes,0.997121215
2021,No,No,0
2022,Prefer not to say,Prefer not to say,-0.998942435
2021,No,Yes,0
2023,No,Yes,-0.999079585
2023,No,Yes,-0.995706797
2024,No,No,0
2021,No,Yes,0
2023,No,No,-0.824030995
2022,No,No,0
2021,No,Yes,0
2023,No,Yes,0
2022,No,Yes,0
2022,No,No,0
2024,Yes,No,0.990950167
2022,No,No,0
2021,No,No,0
2021,No,No,-0.978925407
2024,No,No,0
2021,Yes,Yes,0.91379869
2024,No,Yes,0.99945277
2024,No,Yes,0
2024,No,Yes,-0.974028349
2024,No,Yes,0
2024,No,Yes,0
2024,No,Yes,0
2023,No,Yes,0.949622571
2024,Yes,Yes,0.998568952
2022,No,Yes,0
2024,No,No,0.999818325
2022,No,Yes,-0.9939695
2023,No,Yes,-0.973249018
2023,No,Yes,0
2024,No,Yes,-0.97360611
2024,No,Yes,0
2021,No,Yes,0
2024,No,Yes,0
2021,No,No,-0.999813676
2024,No,Yes,0.926146388
2021,No,No,-0.997608781
2024,No,No,-0.994350851
2021,No,No,0
2022,No,No,0
2024,No,Yes,0.999851644
2024,No,Yes,0.977974832
2021,No,No,-0.999207973
2023,No,No,0
2023,Yes,Yes,0
2023,No,No,-0.99925822
2022,No,Yes,-0.999690771
2022,No,Prefer not to say,0
2023,No,Yes,-0.998393238
2023,Yes,No,-0.99898988
2024,No,No,-0.999007523
2021,No,Yes,0
2021,No,No,-0.991783023
2024,No,No,0
2021,No,Yes,-0.98267293
2024,No,No,0
2024,No,Prefer not to say,0
2021,Yes,Yes,0
2023,No,No,0
2024,No,No,-0.999751389
2024,No,Yes,0
2024,No,Yes,0
2022,No,Yes,0
2024,No,No,0
2023,No,No,0
2024,No,Yes,-0.999676287
2024,No,No,-0.999613762
2021,No,Yes,0
2022,Yes,Yes,0
2024,No,Yes,-0.997684538
2024,No,Yes,-0.854044676
2023,No,Yes,0
2023,No,No,0
2021,No,No,0.970405996
2021,No,No,-0.999342859
2023,No,Prefer not to say,0
2023,Yes,Yes,0
2024,No,No,0
2024,Yes,Yes,-0.998981714
2023,No,No,-0.999782383
2024,Yes,Yes,0
2023,No,Yes,-0.999696195
2024,No,Yes,0
2021,Yes,No,-0.999189913
2023,Yes,Yes,0
2023,No,Yes,-0.999794364
2023,No,Yes,0
2023,No,Yes,0
2024,No,Yes,0
2021,No,Yes,-0.998545825
2024,No,Yes,0.994752645
2023,No,Yes,0
2024,No,No,-0.999492884
2021,No,No,-0.997316897
2024,Yes,Yes,0
2022,No,Yes,0
2024,No,No,-0.996033788
2022,No,No,0
2021,No,No,0
2023,No,No,0
2022,No,No,0
2022,Yes,Yes,0
2023,Yes,Yes,0
2024,No,Yes,0.968598545
2024,No,No,-0.99251163
2023,Yes,Yes,0
2023,No,Yes,-0.999129653
2024,Yes,Yes,0
2024,No,No,-0.999673843
2024,No,No,0
2024,No,Yes,0.988870859
2022,No,No,0
2022,No,Yes,0
2021,No,No,-0.968896091
2022,Yes,No,-0.999752998
2024,No,Yes,-0.996145248
2022,No,No,0
2022,No,No,0
2021,No,Yes,0.997810066
2024,No,Yes,0
2021,No,No,-0.999686778
2023,No,Yes,0
2024,No,No,-0.999084592
2024,No,No,-0.999628127
2021,No,No,0
2022,No,No,-0.999309957
2024,Yes,Yes,0
2024,Yes,Yes,0
2023,Yes,Yes,0
2024,No,Yes,-0.995891213
2021,No,Yes,-0.996859014
2024,No,Yes,0
2024,No,Yes,0
2024,No,No,0
2021,No,No,0
2022,No,No,0
2023,Yes,No,-0.948534191
2022,No,No,-0.999719977
2022,No,Yes,-0.996222198
2024,No,Yes,0
2024,No,Yes,-0.988185465
2023,No,Yes,0
2021,No,No,0
2023,No,Yes,-0.997971416
2023,No,No,-0.951096416
2024,No,No,0
2024,No,Yes,0
2024,No,Yes,0.998065531
2021,No,Yes,0
2022,No,No,-0.999789715
2022,No,No,0
2024,No,No,0
2022,No,Yes,-0.999664307
2021,No,Yes,0
2023,No,No,-0.999784827
2022,No,No,0
2024,Yes,No,-0.995155275
2024,No,Yes,-0.987442136
2023,No,No,-0.999490499
2021,No,No,0
2022,No,Yes,0
2021,No,No,0.979039073
2023,No,No,0
2021,No,No,0.970577717
2024,No,Yes,0.999866724
2023,Yes,Yes,0
2024,No,Yes,-0.9993397
2022,No,Yes,0
2022,No,No,-0.999767721
2021,No,Prefer not to say,0
2022,No,No,-0.999767959
2021,No,Yes,0
2023,No,Yes,0
2021,No,No,0
2023,No,No,0
2022,No,Yes,0
2021,No,Yes,0
2021,Yes,Yes,0
2023,Yes,No,-0.999041021
2024,No,No,-0.9771837
2024,No,Yes,-0.960641265
2024,Yes,Yes,0.999605894
2023,No,No,0
2024,No,Yes,0
2021,No,Yes,-0.99877888
2021,No,No,-0.999798954
2022,No,No,0
2024,No,No,0.981935143
2021,No,No,-0.999599993
2021,No,Yes,0.971014202
2024,No,No,-0.997453868
2022,No,Yes,0
2024,No,Yes,0
2021,No,Yes,0
2024,No,Yes,0
2023,No,Yes,0
2024,No,Yes,-0.999497056
2024,No,Yes,-0.999212503
2022,No,No,0
2023,No,No,-0.99979645
2022,No,Yes,0
2023,Yes,No,-0.992576957
2024,No,No,0
2021,No,No,0
2024,No,Yes,0
2024,No,No,0
2023,Yes,Yes,-0.996256649
2024,Yes,Yes,-0.999786735
2024,No,No,0
2023,No,No,0
2024,Yes,No,0.999590099
2024,No,No,-0.998490095
2022,No,No,0
2024,No,No,0
2024,No,Yes,0.991562188
2023,No,No,0
2022,No,Yes,-0.992149115
2023,No,No,0
2022,No,No,0.980949581
2024,No,Yes,0
2024,No,Yes,0
,,,0
2024,No,No,0
2024,No,No,0.999212265
2023,No,No,0.999736309
2022,No,No,0
2024,No,Yes,0.993549645
2024,No,No,0.507985473
2023,No,Yes,-0.999384522
2023,No,Yes,-0.998887062
2021,No,No,0
2024,No,No,0
2021,No,No,0
2024,No,Yes,0
2021,No,No,0
2024,No,Yes,0
2024,Yes,No,0
2022,No,Yes,0.948544323
2024,No,Yes,0.774702966
2021,No,No,0
2023,No,No,0
2022,No,Yes,-0.999648452
2021,No,Yes,-0.993492782
2024,Yes,No,0.9696486
2022,No,Yes,-0.982647359
2022,No,No,0.998381197
2024,No,Yes,0.966184556
2023,No,Yes,0
2024,No,Yes,0.998499751
Other,No,No,0
2024,No,No,0
2024,No,Yes,-0.985396147
2024,Yes,Yes,0
2023,No,Yes,0
2024,Yes,Yes,0
2022,No,No,-0.999129653
2024,Yes,Yes,0.991675317
2022,No,Yes,0.979039073
2023,Yes,Yes,0
2021,No,No,0.99233371
2023,No,No,-0.986936033
2021,No,Yes,-0.995971084
2024,No,Yes,0
2024,No,Yes,0
2021,No,No,0
2022,No,Yes,0
2022,No,Yes,-0.996715546
2023,No,No,-0.997063875
2024,Yes,Yes,0
2022,Yes,No,0
2024,No,No,-0.998203337
2024,Yes,Yes,0
2021,No,No,-0.999800026
2021,No,Yes,-0.999744773
2023,No,Yes,0
2024,No,No,-0.997146189
2024,No,Yes,-0.995095372
2021,No,No,0
2024,No,No,-0.998988569
2023,No,Yes,-0.999088466
2022,No,No,-0.996399522
2024,No,No,0.999760747
2024,No,Yes,-0.999010444
2024,No,No,0
2024,Yes,Yes,0
2022,No,Yes,0
2023,Yes,No,0
2024,No,No,0
2024,No,Yes,-0.729200602
2021,No,No,0
2024,No,Yes,0